"Data Source","World Development Indicators",

"Last Updated Date","2020-05-28",

"Country Name","Country Code","Indicator Name","Indicator Code","1960","1961","1962","1963","1964","1965","1966","1967","1968","1969","1970","1971","1972","1973","1974","1975","1976","1977","1978","1979","1980","1981","1982","1983","1984","1985","1986","1987","1988","1989","1990","1991","1992","1993","1994","1995","1996","1997","1998","1999","2000","2001","2002","2003","2004","2005","2006","2007","2008","2009","2010","2011","2012","2013","2014","2015","2016","2017","2018","2019",
"Aruba","ABW","Specialist surgical workforce (per 100,000 population)","SH.MED.SAOP.P5","","","","","","","","","","","","","","","","","","","","","","","","","","","","","","","","","","","","","","","","","","","","","","","","","","","","","","","","","","","","",
"Afghanistan","AFG","Specialist surgical workforce (per 100,000 population)","SH.MED.SAOP.P5","","","","","","","","","","","","","","","","","","","","","","","","","","","","","","","","","","","","","","","","","","","","","","","","","","","","","","","0.03","","","","","",
"Angola","AGO","Specialist surgical workforce (per 100,000 population)","SH.MED.SAOP.P5","","","","","","","","","","","","","","","","","","","","","","","","","","","","","","","","","","","","","","","","","","","","","","","","","","","","","","","","","","","","",
"Albania","ALB","Specialist surgical workforce (per 100,000 population)","SH.MED.SAOP.P5","","","","","","","","","","","","","","","","","","","","","","","","","","","","","","","","","","","","","","","","","","","","","","","","","","","7.07","","","11.63","","","","","","",
"Andorra","AND","Specialist surgical workforce (per 100,000 population)","SH.MED.SAOP.P5","","","","","","","","","","","","","","","","","","","","","","","","","","","","","","","","","","","","","","","","","","","","","","","","","","","","","","","60.27","","","","83.11","",
"Arab World","ARB","Specialist surgical workforce (per 100,000 population)","SH.MED.SAOP.P5","","","","","","","","","","","","","","","","","","","","","","","","","","","","","","","","","","","","","","","","","","","","","","","","","","","","","","","","21.2644413540488","","","","",
"United Arab Emirates","ARE","Specialist surgical workforce (per 100,000 population)","SH.MED.SAOP.P5","","","","","","","","","","","","","","","","","","","","","","","","","","","","","","","","","","","","","","","","","","","","","","","","","","","","","","","","","","","","",
"Argentina","ARG","Specialist surgical workforce (per 100,000 population)","SH.MED.SAOP.P5","","","","","","","","","","","","","","","","","","","","","","","","","","","","","","","","","","","","","","","","","","","","","","","","","","","","","","","10.47","","","","50.05","",
"Armenia","ARM","Specialist surgical workforce (per 100,000 population)","SH.MED.SAOP.P5","","","","","","","","","","","","","","","","","","","","","","","","","","","","","","","","","","","","","","","","","","","","","","","","","","","","","","","73.65","98.95","","86.66","","",
"American Samoa","ASM","Specialist surgical workforce (per 100,000 population)","SH.MED.SAOP.P5","","","","","","","","","","","","","","","","","","","","","","","","","","","","","","","","","","","","","","","","","","","","","","","","","","","","","","","","","","","","",
"Antigua and Barbuda","ATG","Specialist surgical workforce (per 100,000 population)","SH.MED.SAOP.P5","","","","","","","","","","","","","","","","","","","","","","","","","","","","","","","","","","","","","","","","","","","","","","","","","","","","","","","14.04","","","","","",
"Australia","AUS","Specialist surgical workforce (per 100,000 population)","SH.MED.SAOP.P5","","","","","","","","","","","","","","","","","","","","","","","","","","","","","","","","","","","","","","","","","","","","","","","","","","","","","49.33","","","72.58","45.11","","","",
"Austria","AUT","Specialist surgical workforce (per 100,000 population)","SH.MED.SAOP.P5","","","","","","","","","","","","","","","","","","","","","","","","","","","","","","","","","","","","","","","","","","","","","","","","","","","","","","","141.15","109.88","","","","",
"Azerbaijan","AZE","Specialist surgical workforce (per 100,000 population)","SH.MED.SAOP.P5","","","","","","","","","","","","","","","","","","","","","","","","","","","","","","","","","","","","","","","","","","","","","","","","","","","","","62.93","","67.63","","","","","",
"Burundi","BDI","Specialist surgical workforce (per 100,000 population)","SH.MED.SAOP.P5","","","","","","","","","","","","","","","","","","","","","","","","","","","","","","","","","","","","","","","","","","","","","","","","","","","","","","","","","0.17","","0.4","",
"Belgium","BEL","Specialist surgical workforce (per 100,000 population)","SH.MED.SAOP.P5","","","","","","","","","","","","","","","","","","","","","","","","","","","","","","","","","","","","","","","","","","","","","","","","","","","","","73.53","","65.38","89.76","","","","",
"Benin","BEN","Specialist surgical workforce (per 100,000 population)","SH.MED.SAOP.P5","","","","","","","","","","","","","","","","","","","","","","","","","","","","","","","","","","","","","","","","","","","","","","","","","","","","","","","1.86","","","","","",
"Burkina Faso","BFA","Specialist surgical workforce (per 100,000 population)","SH.MED.SAOP.P5","","","","","","","","","","","","","","","","","","","","","","","","","","","","","","","","","","","","","","","","","","","","","","","","","","","","","","","0.59","","","","","",
"Bangladesh","BGD","Specialist surgical workforce (per 100,000 population)","SH.MED.SAOP.P5","","","","","","","","","","","","","","","","","","","","","","","","","","","","","","","","","","","","","","","","","","","","","","","","","","","","","","2.93","3.02","","","","2.91","",
"Bulgaria","BGR","Specialist surgical workforce (per 100,000 population)","SH.MED.SAOP.P5","","","","","","","","","","","","","","","","","","","","","","","","","","","","","","","","","","","","","","","","","","","","","","","","","","","","","","120.83","","","","","112.71","",
"Bahrain","BHR","Specialist surgical workforce (per 100,000 population)","SH.MED.SAOP.P5","","","","","","","","","","","","","","","","","","","","","","","","","","","","","","","","","","","","","","","","","","","","","","","","","","","","","24.44","","","14.36","","","","",
"Bahamas, The","BHS","Specialist surgical workforce (per 100,000 population)","SH.MED.SAOP.P5","","","","","","","","","","","","","","","","","","","","","","","","","","","","","","","","","","","","","","","","","","","","","","","","","","","","","","","","","","","","",
"Bosnia and Herzegovina","BIH","Specialist surgical workforce (per 100,000 population)","SH.MED.SAOP.P5","","","","","","","","","","","","","","","","","","","","","","","","","","","","","","","","","","","","","","","","","","","","","","","","","","","","","","26.73","32.3","","","","","",
"Belarus","BLR","Specialist surgical workforce (per 100,000 population)","SH.MED.SAOP.P5","","","","","","","","","","","","","","","","","","","","","","","","","","","","","","","","","","","","","","","","","","","","","","","","","","","","","","121.32","124.24","","","","","",
"Belize","BLZ","Specialist surgical workforce (per 100,000 population)","SH.MED.SAOP.P5","","","","","","","","","","","","","","","","","","","","","","","","","","","","","","","","","","","","","","","","","","","","","","","","","","","","","","","10.47","","","","","",
"Bermuda","BMU","Specialist surgical workforce (per 100,000 population)","SH.MED.SAOP.P5","","","","","","","","","","","","","","","","","","","","","","","","","","","","","","","","","","","","","","","","","","","","","","","","","","","","","","","","","","","","",
"Bolivia","BOL","Specialist surgical workforce (per 100,000 population)","SH.MED.SAOP.P5","","","","","","","","","","","","","","","","","","","","","","","","","","","","","","","","","","","","","","","","","","","","","","","","","","","","","33.87","","","","","","","",
"Brazil","BRA","Specialist surgical workforce (per 100,000 population)","SH.MED.SAOP.P5","","","","","","","","","","","","","","","","","","","","","","","","","","","","","","","","","","","","","","","","","","","","","","","","","","","","","","31.93","","","34.74","","55.47","",
"Barbados","BRB","Specialist surgical workforce (per 100,000 population)","SH.MED.SAOP.P5","","","","","","","","","","","","","","","","","","","","","","","","","","","","","","","","","","","","","","","","","","","","","","","","","","","","","","","17.2","","","","","",
"Brunei Darussalam","BRN","Specialist surgical workforce (per 100,000 population)","SH.MED.SAOP.P5","","","","","","","","","","","","","","","","","","","","","","","","","","","","","","","","","","","","","","","","","","","","","","","","","","","","","","","","","","","","",
"Bhutan","BTN","Specialist surgical workforce (per 100,000 population)","SH.MED.SAOP.P5","","","","","","","","","","","","","","","","","","","","","","","","","","","","","","","","","","","","","","","","","","","","","","","","","","","","","","","2.87","","","","","",
"Botswana","BWA","Specialist surgical workforce (per 100,000 population)","SH.MED.SAOP.P5","","","","","","","","","","","","","","","","","","","","","","","","","","","","","","","","","","","","","","","","","","","","","","","","","","","","","","","3.64","","","","","",
"Central African Republic","CAF","Specialist surgical workforce (per 100,000 population)","SH.MED.SAOP.P5","","","","","","","","","","","","","","","","","","","","","","","","","","","","","","","","","","","","","","","","","","","","","","","","","","","","","","","0.38","","","","","",
"Canada","CAN","Specialist surgical workforce (per 100,000 population)","SH.MED.SAOP.P5","","","","","","","","","","","","","","","","","","","","","","","","","","","","","","","","","","","","","","","","","","","","","","","","","","","","","","36.27","","35.29","43.87","","","",
"Central Europe and the Baltics","CEB","Specialist surgical workforce (per 100,000 population)","SH.MED.SAOP.P5","","","","","","","","","","","","","","","","","","","","","","","","","","","","","","","","","","","","","","","","","","","","","","","","","","","","","","","","75.7188611896432","","","","",
"Switzerland","CHE","Specialist surgical workforce (per 100,000 population)","SH.MED.SAOP.P5","","","","","","","","","","","","","","","","","","","","","","","","","","","","","","","","","","","","","","","","","","","","","","","","","","","","","","","96.27","","","94.76","","",
"Channel Islands","CHI","Specialist surgical workforce (per 100,000 population)","SH.MED.SAOP.P5","","","","","","","","","","","","","","","","","","","","","","","","","","","","","","","","","","","","","","","","","","","","","","","","","","","","","","","38.69","","","","","",
"Chile","CHL","Specialist surgical workforce (per 100,000 population)","SH.MED.SAOP.P5","","","","","","","","","","","","","","","","","","","","","","","","","","","","","","","","","","","","","","","","","","","","","","","","","","","","","59.32","","","","","","","",
"China","CHN","Specialist surgical workforce (per 100,000 population)","SH.MED.SAOP.P5","","","","","","","","","","","","","","","","","","","","","","","","","","","","","","","","","","","","","","","","","","","","","","","","","","","","","40.13","","","","","","","",
"Cote d'Ivoire","CIV","Specialist surgical workforce (per 100,000 population)","SH.MED.SAOP.P5","","","","","","","","","","","","","","","","","","","","","","","","","","","","","","","","","","","","","","","","","","","","","","","","","","","","","","","2.81","","","","","",
"Cameroon","CMR","Specialist surgical workforce (per 100,000 population)","SH.MED.SAOP.P5","","","","","","","","","","","","","","","","","","","","","","","","","","","","","","","","","","","","","","","","","","","","","","","","","","","","","","1.15","","","","","","",
"Congo, Dem. Rep.","COD","Specialist surgical workforce (per 100,000 population)","SH.MED.SAOP.P5","","","","","","","","","","","","","","","","","","","","","","","","","","","","","","","","","","","","","","","","","","","","","","","","","","","","","","0.19","","","","","","",
"Congo, Rep.","COG","Specialist surgical workforce (per 100,000 population)","SH.MED.SAOP.P5","","","","","","","","","","","","","","","","","","","","","","","","","","","","","","","","","","","","","","","","","","","","","","","","","","","","","","0.22","","","","","","",
"Colombia","COL","Specialist surgical workforce (per 100,000 population)","SH.MED.SAOP.P5","","","","","","","","","","","","","","","","","","","","","","","","","","","","","","","","","","","","","","","","","","","","","","","","","","","","","","","16.21","22.71","","","","",
"Comoros","COM","Specialist surgical workforce (per 100,000 population)","SH.MED.SAOP.P5","","","","","","","","","","","","","","","","","","","","","","","","","","","","","","","","","","","","","","","","","","","","","","","","","","","","","","","","","","","","",
"Cabo Verde","CPV","Specialist surgical workforce (per 100,000 population)","SH.MED.SAOP.P5","","","","","","","","","","","","","","","","","","","","","","","","","","","","","","","","","","","","","","","","","","","","","","","","","","","","16.04","","","","","","","","",
"Costa Rica","CRI","Specialist surgical workforce (per 100,000 population)","SH.MED.SAOP.P5","","","","","","","","","","","","","","","","","","","","","","","","","","","","","","","","","","","","","","","","","","","","","","","","","","","","","","","22.3","","","","25.46","",
"Caribbean small states","CSS","Specialist surgical workforce (per 100,000 population)","SH.MED.SAOP.P5","","","","","","","","","","","","","","","","","","","","","","","","","","","","","","","","","","","","","","","","","","","","","","","","","","","","","","","","16.242600581377","","","","",
"Cuba","CUB","Specialist surgical workforce (per 100,000 population)","SH.MED.SAOP.P5","","","","","","","","","","","","","","","","","","","","","","","","","","","","","","","","","","","","","","","","","","","","","","","","","","","","","","112.94","","","","100.89","","",
"Curacao","CUW","Specialist surgical workforce (per 100,000 population)","SH.MED.SAOP.P5","","","","","","","","","","","","","","","","","","","","","","","","","","","","","","","","","","","","","","","","","","","","","","","","","","","","","","","","","","","","",
"Cayman Islands","CYM","Specialist surgical workforce (per 100,000 population)","SH.MED.SAOP.P5","","","","","","","","","","","","","","","","","","","","","","","","","","","","","","","","","","","","","","","","","","","","","","","","","","","","","","","172.41","156.75","","","","",
"Cyprus","CYP","Specialist surgical workforce (per 100,000 population)","SH.MED.SAOP.P5","","","","","","","","","","","","","","","","","","","","","","","","","","","","","","","","","","","","","","","","","","","","","","","","","","","","","","","79.83","","","","84.42","",
"Czech Republic","CZE","Specialist surgical workforce (per 100,000 population)","SH.MED.SAOP.P5","","","","","","","","","","","","","","","","","","","","","","","","","","","","","","","","","","","","","","","","","","","","","","","","","","","","","","124.52","","","","","","",
"Germany","DEU","Specialist surgical workforce (per 100,000 population)","SH.MED.SAOP.P5","","","","","","","","","","","","","","","","","","","","","","","","","","","","","","","","","","","","","","","","","","","","","","","","","","","","","","112.85","","108","","","","",
"Djibouti","DJI","Specialist surgical workforce (per 100,000 population)","SH.MED.SAOP.P5","","","","","","","","","","","","","","","","","","","","","","","","","","","","","","","","","","","","","","","","","","","","","","","","","","","","","","4.42","","","","","","",
"Dominica","DMA","Specialist surgical workforce (per 100,000 population)","SH.MED.SAOP.P5","","","","","","","","","","","","","","","","","","","","","","","","","","","","","","","","","","","","","","","","","","","","","","","","","","","","","","","11.25","","","","","",
"Denmark","DNK","Specialist surgical workforce (per 100,000 population)","SH.MED.SAOP.P5","","","","","","","","","","","","","","","","","","","","","","","","","","","","","","","","","","","","","","","","","","","","","","","","","","","","","67.85","","68.98","","","","","",
"Dominican Republic","DOM","Specialist surgical workforce (per 100,000 population)","SH.MED.SAOP.P5","","","","","","","","","","","","","","","","","","","","","","","","","","","","","","","","","","","","","","","","","","","","","","","","","","","","","","","","","","","","",
"Algeria","DZA","Specialist surgical workforce (per 100,000 population)","SH.MED.SAOP.P5","","","","","","","","","","","","","","","","","","","","","","","","","","","","","","","","","","","","","","","","","","","","","","","","","","","","","","12.13","","","","","","",
"East Asia & Pacific (excluding high income)","EAP","Specialist surgical workforce (per 100,000 population)","SH.MED.SAOP.P5","","","","","","","","","","","","","","","","","","","","","","","","","","","","","","","","","","","","","","","","","","","","","","","","","","","","","","","","34.678942620049","","","","",
"Early-demographic dividend","EAR","Specialist surgical workforce (per 100,000 population)","SH.MED.SAOP.P5","","","","","","","","","","","","","","","","","","","","","","","","","","","","","","","","","","","","","","","","","","","","","","","","","","","","","","","","11.7436614578526","","","","",
"East Asia & Pacific","EAS","Specialist surgical workforce (per 100,000 population)","SH.MED.SAOP.P5","","","","","","","","","","","","","","","","","","","","","","","","","","","","","","","","","","","","","","","","","","","","","","","","","","","","","","","","36.0187194407388","","","","",
"Europe & Central Asia (excluding high income)","ECA","Specialist surgical workforce (per 100,000 population)","SH.MED.SAOP.P5","","","","","","","","","","","","","","","","","","","","","","","","","","","","","","","","","","","","","","","","","","","","","","","","","","","","","","","","64.3306201014098","","","","",
"Europe & Central Asia","ECS","Specialist surgical workforce (per 100,000 population)","SH.MED.SAOP.P5","","","","","","","","","","","","","","","","","","","","","","","","","","","","","","","","","","","","","","","","","","","","","","","","","","","","","","","","82.7370309480131","","","","",
"Ecuador","ECU","Specialist surgical workforce (per 100,000 population)","SH.MED.SAOP.P5","","","","","","","","","","","","","","","","","","","","","","","","","","","","","","","","","","","","","","","","","","","","","","","","","","","","","","","59.39","","","","","",
"Egypt, Arab Rep.","EGY","Specialist surgical workforce (per 100,000 population)","SH.MED.SAOP.P5","","","","","","","","","","","","","","","","","","","","","","","","","","","","","","","","","","","","","","","","","","","","","","","","","","","","","","","50.08","","","","","",
"Euro area","EMU","Specialist surgical workforce (per 100,000 population)","SH.MED.SAOP.P5","","","","","","","","","","","","","","","","","","","","","","","","","","","","","","","","","","","","","","","","","","","","","","","","","","","","","","","","95.7790841267675","","","","",
"Eritrea","ERI","Specialist surgical workforce (per 100,000 population)","SH.MED.SAOP.P5","","","","","","","","","","","","","","","","","","","","","","","","","","","","","","","","","","","","","","","","","","","","","","","","","0.4","","","","","","","","","","","",
"Spain","ESP","Specialist surgical workforce (per 100,000 population)","SH.MED.SAOP.P5","","","","","","","","","","","","","","","","","","","","","","","","","","","","","","","","","","","","","","","","","","","","","","","","","","","","","","","79.9","","","","","",
"Estonia","EST","Specialist surgical workforce (per 100,000 population)","SH.MED.SAOP.P5","","","","","","","","","","","","","","","","","","","","","","","","","","","","","","","","","","","","","","","","","","","","","","","","","","","","","","","126.56","","","64.98","","",
"Ethiopia","ETH","Specialist surgical workforce (per 100,000 population)","SH.MED.SAOP.P5","","","","","","","","","","","","","","","","","","","","","","","","","","","","","","","","","","","","","","","","","","","","","","","","","","","0.67","","","","0.56","","0.54","","","",
"European Union","EUU","Specialist surgical workforce (per 100,000 population)","SH.MED.SAOP.P5","","","","","","","","","","","","","","","","","","","","","","","","","","","","","","","","","","","","","","","","","","","","","","","","","","","","","","","","91.7916418195627","","","","",
"Fragile and conflict affected situations","FCS","Specialist surgical workforce (per 100,000 population)","SH.MED.SAOP.P5","","","","","","","","","","","","","","","","","","","","","","","","","","","","","","","","","","","","","","","","","","","","","","","","","","","","","","","","3.23315162726265","","","","",
"Finland","FIN","Specialist surgical workforce (per 100,000 population)","SH.MED.SAOP.P5","","","","","","","","","","","","","","","","","","","","","","","","","","","","","","","","","","","","","","","","","","","","","","","","","","","","","","","76.3","","","","","",
"Fiji","FJI","Specialist surgical workforce (per 100,000 population)","SH.MED.SAOP.P5","","","","","","","","","","","","","","","","","","","","","","","","","","","","","","","","","","","","","","","","","","","","","","","","","","","","","","","4.18","","5.8","","5.43","",
"France","FRA","Specialist surgical workforce (per 100,000 population)","SH.MED.SAOP.P5","","","","","","","","","","","","","","","","","","","","","","","","","","","","","","","","","","","","","","","","","","","","","","","","","","","","","","54.72","63.06","58.63","","","","",
"Faroe Islands","FRO","Specialist surgical workforce (per 100,000 population)","SH.MED.SAOP.P5","","","","","","","","","","","","","","","","","","","","","","","","","","","","","","","","","","","","","","","","","","","","","","","","","","","","","","","","","","","","",
"Micronesia, Fed. Sts.","FSM","Specialist surgical workforce (per 100,000 population)","SH.MED.SAOP.P5","","","","","","","","","","","","","","","","","","","","","","","","","","","","","","","","","","","","","","","","","","","","","","","","","","","","","","","","","7","","","",
"Gabon","GAB","Specialist surgical workforce (per 100,000 population)","SH.MED.SAOP.P5","","","","","","","","","","","","","","","","","","","","","","","","","","","","","","","","","","","","","","","","","","","","","","","","","","","","","","","","","","","","",
"United Kingdom","GBR","Specialist surgical workforce (per 100,000 population)","SH.MED.SAOP.P5","","","","","","","","","","","","","","","","","","","","","","","","","","","","","","","","","","","","","","","","","","","","","","","","","","","","","","","92.39","133.3","","","","",
"Georgia","GEO","Specialist surgical workforce (per 100,000 population)","SH.MED.SAOP.P5","","","","","","","","","","","","","","","","","","","","","","","","","","","","","","","","","","","","","","","","","","","","","","","","","","","","","71.52","","","125.01","130.44","","","",
"Ghana","GHA","Specialist surgical workforce (per 100,000 population)","SH.MED.SAOP.P5","","","","","","","","","","","","","","","","","","","","","","","","","","","","","","","","","","","","","","","","","","","","","","","","","","","","","","","","","","","","",
"Gibraltar","GIB","Specialist surgical workforce (per 100,000 population)","SH.MED.SAOP.P5","","","","","","","","","","","","","","","","","","","","","","","","","","","","","","","","","","","","","","","","","","","","","","","","","","","","","","","","","","","","",
"Guinea","GIN","Specialist surgical workforce (per 100,000 population)","SH.MED.SAOP.P5","","","","","","","","","","","","","","","","","","","","","","","","","","","","","","","","","","","","","","","","","","","","","","","","","","","","","","","","","","","","",
"Gambia, The","GMB","Specialist surgical workforce (per 100,000 population)","SH.MED.SAOP.P5","","","","","","","","","","","","","","","","","","","","","","","","","","","","","","","","","","","","","","","","","","","","","","","","","","","","1.03","","","1.82","","","","","",
"Guinea-Bissau","GNB","Specialist surgical workforce (per 100,000 population)","SH.MED.SAOP.P5","","","","","","","","","","","","","","","","","","","","","","","","","","","","","","","","","","","","","","","","","","","","","","","","","","","","","","","","","","","","",
"Equatorial Guinea","GNQ","Specialist surgical workforce (per 100,000 population)","SH.MED.SAOP.P5","","","","","","","","","","","","","","","","","","","","","","","","","","","","","","","","","","","","","","","","","","","","","","","","","","","","","","","","","","","","",
"Greece","GRC","Specialist surgical workforce (per 100,000 population)","SH.MED.SAOP.P5","","","","","","","","","","","","","","","","","","","","","","","","","","","","","","","","","","","","","","","","","","","","","","","","","","","","","","144.99","166.81","163.54","","","","",
"Grenada","GRD","Specialist surgical workforce (per 100,000 population)","SH.MED.SAOP.P5","","","","","","","","","","","","","","","","","","","","","","","","","","","","","","","","","","","","","","","","","","","","","","","","","","","","","","","11.32","","","","12.56","",
"Greenland","GRL","Specialist surgical workforce (per 100,000 population)","SH.MED.SAOP.P5","","","","","","","","","","","","","","","","","","","","","","","","","","","","","","","","","","","","","","","","","","","","","","","","","","","","","","","","","","","","",
"Guatemala","GTM","Specialist surgical workforce (per 100,000 population)","SH.MED.SAOP.P5","","","","","","","","","","","","","","","","","","","","","","","","","","","","","","","","","","","","","","","","","","","","","","","","","","","","","","","3.4","","","","","",
"Guam","GUM","Specialist surgical workforce (per 100,000 population)","SH.MED.SAOP.P5","","","","","","","","","","","","","","","","","","","","","","","","","","","","","","","","","","","","","","","","","","","","","","","","","","","","","","","","","","","","",
"Guyana","GUY","Specialist surgical workforce (per 100,000 population)","SH.MED.SAOP.P5","","","","","","","","","","","","","","","","","","","","","","","","","","","","","","","","","","","","","","","","","","","","","","","","","","","","","","","8.78","","","","","",
"High income","HIC","Specialist surgical workforce (per 100,000 population)","SH.MED.SAOP.P5","","","","","","","","","","","","","","","","","","","","","","","","","","","","","","","","","","","","","","","","","","","","","","","","","","","","","","","","70.9965115598656","","","","",
"Hong Kong SAR, China","HKG","Specialist surgical workforce (per 100,000 population)","SH.MED.SAOP.P5","","","","","","","","","","","","","","","","","","","","","","","","","","","","","","","","","","","","","","","","","","","","","","","","","","","","","","","27.84","","","","","",
"Honduras","HND","Specialist surgical workforce (per 100,000 population)","SH.MED.SAOP.P5","","","","","","","","","","","","","","","","","","","","","","","","","","","","","","","","","","","","","","","","","","","","","","","","","","","","","","","13.68","","","","","",
"Heavily indebted poor countries (HIPC)","HPC","Specialist surgical workforce (per 100,000 population)","SH.MED.SAOP.P5","","","","","","","","","","","","","","","","","","","","","","","","","","","","","","","","","","","","","","","","","","","","","","","","","","","","","","","","1.72403977757848","","","","",
"Croatia","HRV","Specialist surgical workforce (per 100,000 population)","SH.MED.SAOP.P5","","","","","","","","","","","","","","","","","","","","","","","","","","","","","","","","","","","","","","","","","","","","","","","","","","","","","","84.33","","81.24","","","","",
"Haiti","HTI","Specialist surgical workforce (per 100,000 population)","SH.MED.SAOP.P5","","","","","","","","","","","","","","","","","","","","","","","","","","","","","","","","","","","","","","","","","","","","","","","","","","","","","","","4.49","5.88","","","","",
"Hungary","HUN","Specialist surgical workforce (per 100,000 population)","SH.MED.SAOP.P5","","","","","","","","","","","","","","","","","","","","","","","","","","","","","","","","","","","","","","","","","","","","","","","","","","","","56.7","","","","","","55.69","","",
"IBRD only","IBD","Specialist surgical workforce (per 100,000 population)","SH.MED.SAOP.P5","","","","","","","","","","","","","","","","","","","","","","","","","","","","","","","","","","","","","","","","","","","","","","","","","","","","","","","","29.1417383352811","","","","",
"IDA & IBRD total","IBT","Specialist surgical workforce (per 100,000 population)","SH.MED.SAOP.P5","","","","","","","","","","","","","","","","","","","","","","","","","","","","","","","","","","","","","","","","","","","","","","","","","","","","","","","","22.5173442475902","","","","",
"IDA total","IDA","Specialist surgical workforce (per 100,000 population)","SH.MED.SAOP.P5","","","","","","","","","","","","","","","","","","","","","","","","","","","","","","","","","","","","","","","","","","","","","","","","","","","","","","","","3.92711256730504","","","","",
"IDA blend","IDB","Specialist surgical workforce (per 100,000 population)","SH.MED.SAOP.P5","","","","","","","","","","","","","","","","","","","","","","","","","","","","","","","","","","","","","","","","","","","","","","","","","","","","","","","","6.77091173365987","","","","",
"Indonesia","IDN","Specialist surgical workforce (per 100,000 population)","SH.MED.SAOP.P5","","","","","","","","","","","","","","","","","","","","","","","","","","","","","","","","","","","","","","","","","","","","","","","","","","","","","","","","","","","","",
"IDA only","IDX","Specialist surgical workforce (per 100,000 population)","SH.MED.SAOP.P5","","","","","","","","","","","","","","","","","","","","","","","","","","","","","","","","","","","","","","","","","","","","","","","","","","","","","","","","2.37488428208814","","","","",
"Isle of Man","IMN","Specialist surgical workforce (per 100,000 population)","SH.MED.SAOP.P5","","","","","","","","","","","","","","","","","","","","","","","","","","","","","","","","","","","","","","","","","","","","","","","","","","","","","","","48.28","52.4","","","","",
"India","IND","Specialist surgical workforce (per 100,000 population)","SH.MED.SAOP.P5","","","","","","","","","","","","","","","","","","","","","","","","","","","","","","","","","","","","","","","","","","","","","","","","","","","","","","","6.82","","","","","",
"Not classified","INX","Specialist surgical workforce (per 100,000 population)","SH.MED.SAOP.P5","","","","","","","","","","","","","","","","","","","","","","","","","","","","","","","","","","","","","","","","","","","","","","","","","","","","","","","","","","","","",
"Ireland","IRL","Specialist surgical workforce (per 100,000 population)","SH.MED.SAOP.P5","","","","","","","","","","","","","","","","","","","","","","","","","","","","","","","","","","","","","","","","","","","","","","","","","","","","","","","51.92","49.56","","","71.97","",
"Iran, Islamic Rep.","IRN","Specialist surgical workforce (per 100,000 population)","SH.MED.SAOP.P5","","","","","","","","","","","","","","","","","","","","","","","","","","","","","","","","","","","","","","","","","","","","","","","","","","","","","","","5.02","","","","","",
"Iraq","IRQ","Specialist surgical workforce (per 100,000 population)","SH.MED.SAOP.P5","","","","","","","","","","","","","","","","","","","","","","","","","","","","","","","","","","","","","","","","","","","","","","","","","","","","","","7.64","","","","","","",
"Iceland","ISL","Specialist surgical workforce (per 100,000 population)","SH.MED.SAOP.P5","","","","","","","","","","","","","","","","","","","","","","","","","","","","","","","","","","","","","","","","","","","","","","","","","","","","","","","78.89","101.57","","","","",
"Israel","ISR","Specialist surgical workforce (per 100,000 population)","SH.MED.SAOP.P5","","","","","","","","","","","","","","","","","","","","","","","","","","","","","","","","","","","","","","","","","","","","","","","","","","","","","","60.13","","75.59","","","","",
"Italy","ITA","Specialist surgical workforce (per 100,000 population)","SH.MED.SAOP.P5","","","","","","","","","","","","","","","","","","","","","","","","","","","","","","","","","","","","","","","","","","","","","","","","","","","","","","121.48","114.03","","","142.4","","",
"Jamaica","JAM","Specialist surgical workforce (per 100,000 population)","SH.MED.SAOP.P5","","","","","","","","","","","","","","","","","","","","","","","","","","","","","","","","","","","","","","","","","","","","","","","","","","","","","","","11.2","","","","","",
"Jordan","JOR","Specialist surgical workforce (per 100,000 population)","SH.MED.SAOP.P5","","","","","","","","","","","","","","","","","","","","","","","","","","","","","","","","","","","","","","","","","","","","","","","","","","","","","","","","24.49","","","","",
"Japan","JPN","Specialist surgical workforce (per 100,000 population)","SH.MED.SAOP.P5","","","","","","","","","","","","","","","","","","","","","","","","","","","","","","","","","","","","","","","","","","","","","","","","","","","","","","31.25","37.36","","","","","",
"Kazakhstan","KAZ","Specialist surgical workforce (per 100,000 population)","SH.MED.SAOP.P5","","","","","","","","","","","","","","","","","","","","","","","","","","","","","","","","","","","","","","","","","","","","","","","","","","","","","72.88","","","73.15","","","","",
"Kenya","KEN","Specialist surgical workforce (per 100,000 population)","SH.MED.SAOP.P5","","","","","","","","","","","","","","","","","","","","","","","","","","","","","","","","","","","","","","","","","","","","","","","","","","","","","","","1.72","","2.35","","","",
"Kyrgyz Republic","KGZ","Specialist surgical workforce (per 100,000 population)","SH.MED.SAOP.P5","","","","","","","","","","","","","","","","","","","","","","","","","","","","","","","","","","","","","","","","","","","","","","","","","","","","","","60.39","50.06","","","","","",
"Cambodia","KHM","Specialist surgical workforce (per 100,000 population)","SH.MED.SAOP.P5","","","","","","","","","","","","","","","","","","","","","","","","","","","","","","","","","","","","","","","","","","","","","","","","","","","","","","","","","","","4.2","",
"Kiribati","KIR","Specialist surgical workforce (per 100,000 population)","SH.MED.SAOP.P5","","","","","","","","","","","","","","","","","","","","","","","","","","","","","","","","","","","","","","","","","","","","","","","","","","","","","","","4.57","","8.2","","","",
"St. Kitts and Nevis","KNA","Specialist surgical workforce (per 100,000 population)","SH.MED.SAOP.P5","","","","","","","","","","","","","","","","","","","","","","","","","","","","","","","","","","","","","","","","","","","","","","","","","","","","","","","33.48","","","","","",
"Korea, Rep.","KOR","Specialist surgical workforce (per 100,000 population)","SH.MED.SAOP.P5","","","","","","","","","","","","","","","","","","","","","","","","","","","","","","","","","","","","","","","","","","","","","","","","","","","","","","","49.63","","","","","",
"Kuwait","KWT","Specialist surgical workforce (per 100,000 population)","SH.MED.SAOP.P5","","","","","","","","","","","","","","","","","","","","","","","","","","","","","","","","","","","","","","","","","","","","","","","","","","","","","","","","","","","","",
"Latin America & Caribbean (excluding high income)","LAC","Specialist surgical workforce (per 100,000 population)","SH.MED.SAOP.P5","","","","","","","","","","","","","","","","","","","","","","","","","","","","","","","","","","","","","","","","","","","","","","","","","","","","","","","","42.9414635901403","","","","",
"Lao PDR","LAO","Specialist surgical workforce (per 100,000 population)","SH.MED.SAOP.P5","","","","","","","","","","","","","","","","","","","","","","","","","","","","","","","","","","","","","","","","","","","","","","","","","","","","","","","2.86","","","3.68","","",
"Lebanon","LBN","Specialist surgical workforce (per 100,000 population)","SH.MED.SAOP.P5","","","","","","","","","","","","","","","","","","","","","","","","","","","","","","","","","","","","","","","","","","","","","","","","","","","","","","","87.4","","","","","",
"Liberia","LBR","Specialist surgical workforce (per 100,000 population)","SH.MED.SAOP.P5","","","","","","","","","","","","","","","","","","","","","","","","","","","","","","","","","","","","","","","","","","","","","","","","","","0.6","","","","","","","","","","",
"Libya","LBY","Specialist surgical workforce (per 100,000 population)","SH.MED.SAOP.P5","","","","","","","","","","","","","","","","","","","","","","","","","","","","","","","","","","","","","","","","","","","","","","","","","","","","","","","","","","","","",
"St. Lucia","LCA","Specialist surgical workforce (per 100,000 population)","SH.MED.SAOP.P5","","","","","","","","","","","","","","","","","","","","","","","","","","","","","","","","","","","","","","","","","","","","","","","","","","","","","","","23.56","","","","","",
"Latin America & Caribbean","LCN","Specialist surgical workforce (per 100,000 population)","SH.MED.SAOP.P5","","","","","","","","","","","","","","","","","","","","","","","","","","","","","","","","","","","","","","","","","","","","","","","","","","","","","","","","43.341015057212","","","","",
"Least developed countries: UN classification","LDC","Specialist surgical workforce (per 100,000 population)","SH.MED.SAOP.P5","","","","","","","","","","","","","","","","","","","","","","","","","","","","","","","","","","","","","","","","","","","","","","","","","","","","","","","","1.40662869568603","","","","",
"Low income","LIC","Specialist surgical workforce (per 100,000 population)","SH.MED.SAOP.P5","","","","","","","","","","","","","","","","","","","","","","","","","","","","","","","","","","","","","","","","","","","","","","","","","","","","","","","","1.31403260806218","","","","",
"Liechtenstein","LIE","Specialist surgical workforce (per 100,000 population)","SH.MED.SAOP.P5","","","","","","","","","","","","","","","","","","","","","","","","","","","","","","","","","","","","","","","","","","","","","","","","","","","","","","","97.3","71.94","","","","",
"Sri Lanka","LKA","Specialist surgical workforce (per 100,000 population)","SH.MED.SAOP.P5","","","","","","","","","","","","","","","","","","","","","","","","","","","","","","","","","","","","","","","","","","","","","","","","","","","","","","","3.03","2.78","","","","",
"Lower middle income","LMC","Specialist surgical workforce (per 100,000 population)","SH.MED.SAOP.P5","","","","","","","","","","","","","","","","","","","","","","","","","","","","","","","","","","","","","","","","","","","","","","","","","","","","","","","","9.72217046322681","","","","",
"Low & middle income","LMY","Specialist surgical workforce (per 100,000 population)","SH.MED.SAOP.P5","","","","","","","","","","","","","","","","","","","","","","","","","","","","","","","","","","","","","","","","","","","","","","","","","","","","","","","","22.1871358326293","","","","",
"Lesotho","LSO","Specialist surgical workforce (per 100,000 population)","SH.MED.SAOP.P5","","","","","","","","","","","","","","","","","","","","","","","","","","","","","","","","","","","","","","","","","","","","","","","","","","","","","","","0.57","","","","","",
"Late-demographic dividend","LTE","Specialist surgical workforce (per 100,000 population)","SH.MED.SAOP.P5","","","","","","","","","","","","","","","","","","","","","","","","","","","","","","","","","","","","","","","","","","","","","","","","","","","","","","","","42.2533290835398","","","","",
"Lithuania","LTU","Specialist surgical workforce (per 100,000 population)","SH.MED.SAOP.P5","","","","","","","","","","","","","","","","","","","","","","","","","","","","","","","","","","","","","","","","","","","","","","","","","","","","","","137.8","","130.92","","","","",
"Luxembourg","LUX","Specialist surgical workforce (per 100,000 population)","SH.MED.SAOP.P5","","","","","","","","","","","","","","","","","","","","","","","","","","","","","","","","","","","","","","","","","","","","","","","","","","","","","","","84.35","75.83","80.75","","","",
"Latvia","LVA","Specialist surgical workforce (per 100,000 population)","SH.MED.SAOP.P5","","","","","","","","","","","","","","","","","","","","","","","","","","","","","","","","","","","","","","","","","","","","","","","","","","","","","","","91.1","","67.62","","","",
"Macao SAR, China","MAC","Specialist surgical workforce (per 100,000 population)","SH.MED.SAOP.P5","","","","","","","","","","","","","","","","","","","","","","","","","","","","","","","","","","","","","","","","","","","","","","","","","","","","","","","","","","","","",
"St. Martin (French part)","MAF","Specialist surgical workforce (per 100,000 population)","SH.MED.SAOP.P5","","","","","","","","","","","","","","","","","","","","","","","","","","","","","","","","","","","","","","","","","","","","","","","","","","","","","","","","","","","","",
"Morocco","MAR","Specialist surgical workforce (per 100,000 population)","SH.MED.SAOP.P5","","","","","","","","","","","","","","","","","","","","","","","","","","","","","","","","","","","","","","","","","","","","","","","","","","","","12.04","","","","","3.66","","","",
"Monaco","MCO","Specialist surgical workforce (per 100,000 population)","SH.MED.SAOP.P5","","","","","","","","","","","","","","","","","","","","","","","","","","","","","","","","","","","","","","","","","","","","","","","","","","","","","","","195.6","","","","","",
"Moldova","MDA","Specialist surgical workforce (per 100,000 population)","SH.MED.SAOP.P5","","","","","","","","","","","","","","","","","","","","","","","","","","","","","","","","","","","","","","","","","","","","","","","","","","","","","","49.37","86.12","","","","","",
"Madagascar","MDG","Specialist surgical workforce (per 100,000 population)","SH.MED.SAOP.P5","","","","","","","","","","","","","","","","","","","","","","","","","","","","","","","","","","","","","","","","","","","","","","","","","","","","","","0.61","","","0.78","","","",
"Maldives","MDV","Specialist surgical workforce (per 100,000 population)","SH.MED.SAOP.P5","","","","","","","","","","","","","","","","","","","","","","","","","","","","","","","","","","","","","","","","","","","","","","","","","","","","","","","4.83","","","","","",
"Middle East & North Africa","MEA","Specialist surgical workforce (per 100,000 population)","SH.MED.SAOP.P5","","","","","","","","","","","","","","","","","","","","","","","","","","","","","","","","","","","","","","","","","","","","","","","","","","","","","","","","21.9336747729223","","","","",
"Mexico","MEX","Specialist surgical workforce (per 100,000 population)","SH.MED.SAOP.P5","","","","","","","","","","","","","","","","","","","","","","","","","","","","","","","","","","","","","","","","","","","","","","","","","","","","","","","","","","","","",
"Marshall Islands","MHL","Specialist surgical workforce (per 100,000 population)","SH.MED.SAOP.P5","","","","","","","","","","","","","","","","","","","","","","","","","","","","","","","","","","","","","","","","","","","","","","","","","","","","15.92","","","","","","","","",
"Middle income","MIC","Specialist surgical workforce (per 100,000 population)","SH.MED.SAOP.P5","","","","","","","","","","","","","","","","","","","","","","","","","","","","","","","","","","","","","","","","","","","","","","","","","","","","","","","","24.7115617138706","","","","",
"North Macedonia","MKD","Specialist surgical workforce (per 100,000 population)","SH.MED.SAOP.P5","","","","","","","","","","","","","","","","","","","","","","","","","","","","","","","","","","","","","","","","","","","","","","","","","","","","64.62","","","","61.22","","","","",
"Mali","MLI","Specialist surgical workforce (per 100,000 population)","SH.MED.SAOP.P5","","","","","","","","","","","","","","","","","","","","","","","","","","","","","","","","","","","","","","","","","","","","","","","","","","","","","","","1.05","","","","","",
"Malta","MLT","Specialist surgical workforce (per 100,000 population)","SH.MED.SAOP.P5","","","","","","","","","","","","","","","","","","","","","","","","","","","","","","","","","","","","","","","","","","","","","","","","","","","","","","","85.71","84.85","","113.46","","",
"Myanmar","MMR","Specialist surgical workforce (per 100,000 population)","SH.MED.SAOP.P5","","","","","","","","","","","","","","","","","","","","","","","","","","","","","","","","","","","","","","","","","","","","","","","","","","","","","","2.42","","","","","","",
"Middle East & North Africa (excluding high income)","MNA","Specialist surgical workforce (per 100,000 population)","SH.MED.SAOP.P5","","","","","","","","","","","","","","","","","","","","","","","","","","","","","","","","","","","","","","","","","","","","","","","","","","","","","","","","20.4502970715164","","","","",
"Montenegro","MNE","Specialist surgical workforce (per 100,000 population)","SH.MED.SAOP.P5","","","","","","","","","","","","","","","","","","","","","","","","","","","","","","","","","","","","","","","","","","","","","","","","","","","","54.03","","","","57.68","64.12","","","",
"Mongolia","MNG","Specialist surgical workforce (per 100,000 population)","SH.MED.SAOP.P5","","","","","","","","","","","","","","","","","","","","","","","","","","","","","","","","","","","","","","","","","","","","","","","","","","","","","","","45.03","","","","","",
"Northern Mariana Islands","MNP","Specialist surgical workforce (per 100,000 population)","SH.MED.SAOP.P5","","","","","","","","","","","","","","","","","","","","","","","","","","","","","","","","","","","","","","","","","","","","","","","","","","","","","","","","","","","","",
"Mozambique","MOZ","Specialist surgical workforce (per 100,000 population)","SH.MED.SAOP.P5","","","","","","","","","","","","","","","","","","","","","","","","","","","","","","","","","","","","","","","","","","","","","","","","","","","","","","1.1","","","0.56","","0.53","",
"Mauritania","MRT","Specialist surgical workforce (per 100,000 population)","SH.MED.SAOP.P5","","","","","","","","","","","","","","","","","","","","","","","","","","","","","","","","","","","","","","","","","","","","","","","","","","","","","","","","","","","","",
"Mauritius","MUS","Specialist surgical workforce (per 100,000 population)","SH.MED.SAOP.P5","","","","","","","","","","","","","","","","","","","","","","","","","","","","","","","","","","","","","","","","","","","","","","","","","","","","","","","17.58","","","","","",
"Malawi","MWI","Specialist surgical workforce (per 100,000 population)","SH.MED.SAOP.P5","","","","","","","","","","","","","","","","","","","","","","","","","","","","","","","","","","","","","","","","","","","","","","","","","","","","","","","0.48","","0.43","","","",
"Malaysia","MYS","Specialist surgical workforce (per 100,000 population)","SH.MED.SAOP.P5","","","","","","","","","","","","","","","","","","","","","","","","","","","","","","","","","","","","","","","","","","","","","","","","","","","","12.17","","","","","11.43","","","",
"North America","NAC","Specialist surgical workforce (per 100,000 population)","SH.MED.SAOP.P5","","","","","","","","","","","","","","","","","","","","","","","","","","","","","","","","","","","","","","","","","","","","","","","","","","","","","","","","53.623897912637","","","","",
"Namibia","NAM","Specialist surgical workforce (per 100,000 population)","SH.MED.SAOP.P5","","","","","","","","","","","","","","","","","","","","","","","","","","","","","","","","","","","","","","","","","","","","","","","","","","","","","","6.13","","","","","","",
"New Caledonia","NCL","Specialist surgical workforce (per 100,000 population)","SH.MED.SAOP.P5","","","","","","","","","","","","","","","","","","","","","","","","","","","","","","","","","","","","","","","","","","","","","","","","","","","","","","","","","","","","",
"Niger","NER","Specialist surgical workforce (per 100,000 population)","SH.MED.SAOP.P5","","","","","","","","","","","","","","","","","","","","","","","","","","","","","","","","","","","","","","","","","","","","","","","","","","","","","","","0.41","","","","","",
"Nigeria","NGA","Specialist surgical workforce (per 100,000 population)","SH.MED.SAOP.P5","","","","","","","","","","","","","","","","","","","","","","","","","","","","","","","","","","","","","","","","","","","","","","","","","","","","","","","1.37","","","","","",
"Nicaragua","NIC","Specialist surgical workforce (per 100,000 population)","SH.MED.SAOP.P5","","","","","","","","","","","","","","","","","","","","","","","","","","","","","","","","","","","","","","","","","","","","","","","","","","","","","","31.45","15.47","","","","","",
"Netherlands","NLD","Specialist surgical workforce (per 100,000 population)","SH.MED.SAOP.P5","","","","","","","","","","","","","","","","","","","","","","","","","","","","","","","","","","","","","","","","","","","","","","","","","","","","","","52.84","50.36","48.97","","","","",
"Norway","NOR","Specialist surgical workforce (per 100,000 population)","SH.MED.SAOP.P5","","","","","","","","","","","","","","","","","","","","","","","","","","","","","","","","","","","","","","","","","","","","","","","","","","","","","","65.98","61.92","","","67.16","","",
"Nepal","NPL","Specialist surgical workforce (per 100,000 population)","SH.MED.SAOP.P5","","","","","","","","","","","","","","","","","","","","","","","","","","","","","","","","","","","","","","","","","","","","","","","","","","","","","","","2.96","","","","","",
"Nauru","NRU","Specialist surgical workforce (per 100,000 population)","SH.MED.SAOP.P5","","","","","","","","","","","","","","","","","","","","","","","","","","","","","","","","","","","","","","","","","","","","","","","","","","","","","","","33.33","","30","","","",
"New Zealand","NZL","Specialist surgical workforce (per 100,000 population)","SH.MED.SAOP.P5","","","","","","","","","","","","","","","","","","","","","","","","","","","","","","","","","","","","","","","","","","","","","","","","","","","","","37.83","","","39.36","43","","","",
"OECD members","OED","Specialist surgical workforce (per 100,000 population)","SH.MED.SAOP.P5","","","","","","","","","","","","","","","","","","","","","","","","","","","","","","","","","","","","","","","","","","","","","","","","","","","","","","","","70.1420916976449","","","","",
"Oman","OMN","Specialist surgical workforce (per 100,000 population)","SH.MED.SAOP.P5","","","","","","","","","","","","","","","","","","","","","","","","","","","","","","","","","","","","","","","","","","","","","","","","","","","","","","24.14","","","","30.48","","",
"Other small states","OSS","Specialist surgical workforce (per 100,000 population)","SH.MED.SAOP.P5","","","","","","","","","","","","","","","","","","","","","","","","","","","","","","","","","","","","","","","","","","","","","","","","","","","","","","","","19.3681582494445","","","","",
"Pakistan","PAK","Specialist surgical workforce (per 100,000 population)","SH.MED.SAOP.P5","","","","","","","","","","","","","","","","","","","","","","","","","","","","","","","","","","","","","","","","","","","","","","","","","","","","","5.29","","5.53","","","","","",
"Panama","PAN","Specialist surgical workforce (per 100,000 population)","SH.MED.SAOP.P5","","","","","","","","","","","","","","","","","","","","","","","","","","","","","","","","","","","","","","","","","","","","","","","","","","","","","","","26.22","","","","","",
"Peru","PER","Specialist surgical workforce (per 100,000 population)","SH.MED.SAOP.P5","","","","","","","","","","","","","","","","","","","","","","","","","","","","","","","","","","","","","","","","","","","","","","","","","","","","","","","42.88","","","","","",
"Philippines","PHL","Specialist surgical workforce (per 100,000 population)","SH.MED.SAOP.P5","","","","","","","","","","","","","","","","","","","","","","","","","","","","","","","","","","","","","","","","","","","","","","","","","","","","","","","9.56","","","","","",
"Palau","PLW","Specialist surgical workforce (per 100,000 population)","SH.MED.SAOP.P5","","","","","","","","","","","","","","","","","","","","","","","","","","","","","","","","","","","","","","","","","","","","","","","","","","","","","","","","","","","","",
"Papua New Guinea","PNG","Specialist surgical workforce (per 100,000 population)","SH.MED.SAOP.P5","","","","","","","","","","","","","","","","","","","","","","","","","","","","","","","","","","","","","","","","","","","","","","","","","","","","","","","","","2.3","","","",
"Poland","POL","Specialist surgical workforce (per 100,000 population)","SH.MED.SAOP.P5","","","","","","","","","","","","","","","","","","","","","","","","","","","","","","","","","","","","","","","","","","","","","","","","","","","","","","","67.65","67.86","","","","",
"Pre-demographic dividend","PRE","Specialist surgical workforce (per 100,000 population)","SH.MED.SAOP.P5","","","","","","","","","","","","","","","","","","","","","","","","","","","","","","","","","","","","","","","","","","","","","","","","","","","","","","","","1.34460337400383","","","","",
"Puerto Rico","PRI","Specialist surgical workforce (per 100,000 population)","SH.MED.SAOP.P5","","","","","","","","","","","","","","","","","","","","","","","","","","","","","","","","","","","","","","","","","","","","","","","","","","","","","","","","","","","","",
"Korea, Dem. People’s Rep.","PRK","Specialist surgical workforce (per 100,000 population)","SH.MED.SAOP.P5","","","","","","","","","","","","","","","","","","","","","","","","","","","","","","","","","","","","","","","","","","","","","","","","","","","","","","","","","","","","",
"Portugal","PRT","Specialist surgical workforce (per 100,000 population)","SH.MED.SAOP.P5","","","","","","","","","","","","","","","","","","","","","","","","","","","","","","","","","","","","","","","","","","","","","","","","","","","","","","87.8","84.04","86.09","","","","",
"Paraguay","PRY","Specialist surgical workforce (per 100,000 population)","SH.MED.SAOP.P5","","","","","","","","","","","","","","","","","","","","","","","","","","","","","","","","","","","","","","","","","","","","","","","","","","","","","","","14.38","","","","20.53","",
"West Bank and Gaza","PSE","Specialist surgical workforce (per 100,000 population)","SH.MED.SAOP.P5","","","","","","","","","","","","","","","","","","","","","","","","","","","","","","","","","","","","","","","","","","","","","","","","","","","","","","","","","","","","",
"Pacific island small states","PSS","Specialist surgical workforce (per 100,000 population)","SH.MED.SAOP.P5","","","","","","","","","","","","","","","","","","","","","","","","","","","","","","","","","","","","","","","","","","","","","","","","","","","","","","","","5.15932211494662","","","","",
"Post-demographic dividend","PST","Specialist surgical workforce (per 100,000 population)","SH.MED.SAOP.P5","","","","","","","","","","","","","","","","","","","","","","","","","","","","","","","","","","","","","","","","","","","","","","","","","","","","","","","","73.2302895790765","","","","",
"French Polynesia","PYF","Specialist surgical workforce (per 100,000 population)","SH.MED.SAOP.P5","","","","","","","","","","","","","","","","","","","","","","","","","","","","","","","","","","","","","","","","","","","","","","","","","","","","","","","32.62","","","","","",
"Qatar","QAT","Specialist surgical workforce (per 100,000 population)","SH.MED.SAOP.P5","","","","","","","","","","","","","","","","","","","","","","","","","","","","","","","","","","","","","","","","","","","","","","","","","","","","14.49","","","","","","","","",
"Romania","ROU","Specialist surgical workforce (per 100,000 population)","SH.MED.SAOP.P5","","","","","","","","","","","","","","","","","","","","","","","","","","","","","","","","","","","","","","","","","","","","","","","","","","","","","","61.72","","60.53","","","","",
"Russian Federation","RUS","Specialist surgical workforce (per 100,000 population)","SH.MED.SAOP.P5","","","","","","","","","","","","","","","","","","","","","","","","","","","","","","","","","","","","","","","","","","","","","","","","","","","","","","","63.12","","","","","",
"Rwanda","RWA","Specialist surgical workforce (per 100,000 population)","SH.MED.SAOP.P5","","","","","","","","","","","","","","","","","","","","","","","","","","","","","","","","","","","","","","","","","","","","","","","","","","","","","","","0.74","","0.75","","","",
"South Asia","SAS","Specialist surgical workforce (per 100,000 population)","SH.MED.SAOP.P5","","","","","","","","","","","","","","","","","","","","","","","","","","","","","","","","","","","","","","","","","","","","","","","","","","","","","","","","6.07994297101485","","","","",
"Saudi Arabia","SAU","Specialist surgical workforce (per 100,000 population)","SH.MED.SAOP.P5","","","","","","","","","","","","","","","","","","","","","","","","","","","","","","","","","","","","","","","","","","","","","","","","","","","","","","","","","","","","",
"Sudan","SDN","Specialist surgical workforce (per 100,000 population)","SH.MED.SAOP.P5","","","","","","","","","","","","","","","","","","","","","","","","","","","","","","","","","","","","","","","","","","","","","","","","","","","","","","","2.67","","","","","",
"Senegal","SEN","Specialist surgical workforce (per 100,000 population)","SH.MED.SAOP.P5","","","","","","","","","","","","","","","","","","","","","","","","","","","","","","","","","","","","","","","","","","","","","","","","","","","","1.05","","","","","","","","",
"Singapore","SGP","Specialist surgical workforce (per 100,000 population)","SH.MED.SAOP.P5","","","","","","","","","","","","","","","","","","","","","","","","","","","","","","","","","","","","","","","","","","","","","","","","","","","","","","31.45","","","","","","",
"Solomon Islands","SLB","Specialist surgical workforce (per 100,000 population)","SH.MED.SAOP.P5","","","","","","","","","","","","","","","","","","","","","","","","","","","","","","","","","","","","","","","","","","","","","","","","","","","","2.23","","","","","2.5","","","",
"Sierra Leone","SLE","Specialist surgical workforce (per 100,000 population)","SH.MED.SAOP.P5","","","","","","","","","","","","","","","","","","","","","","","","","","","","","","","","","","","","","","","","","","","","","","","","","","","","","0.13","","","","","","","",
"El Salvador","SLV","Specialist surgical workforce (per 100,000 population)","SH.MED.SAOP.P5","","","","","","","","","","","","","","","","","","","","","","","","","","","","","","","","","","","","","","","","","","","","","","","","","","22.26","","","","","","","","","","",
"San Marino","SMR","Specialist surgical workforce (per 100,000 population)","SH.MED.SAOP.P5","","","","","","","","","","","","","","","","","","","","","","","","","","","","","","","","","","","","","","","","","","","","","","","","","","","","","","","112.5","","","112.86","","",
"Somalia","SOM","Specialist surgical workforce (per 100,000 population)","SH.MED.SAOP.P5","","","","","","","","","","","","","","","","","","","","","","","","","","","","","","","","","","","","","","","","","","","","","","","","","","","","","","","0.16","","","","","",
"Serbia","SRB","Specialist surgical workforce (per 100,000 population)","SH.MED.SAOP.P5","","","","","","","","","","","","","","","","","","","","","","","","","","","","","","","","","","","","","","","","","","","","","","","","","","","","","72.02","","72.55","","86.72","","","",
"Sub-Saharan Africa (excluding high income)","SSA","Specialist surgical workforce (per 100,000 population)","SH.MED.SAOP.P5","","","","","","","","","","","","","","","","","","","","","","","","","","","","","","","","","","","","","","","","","","","","","","","","","","","","","","","","1.71057400193709","","","","",
"South Sudan","SSD","Specialist surgical workforce (per 100,000 population)","SH.MED.SAOP.P5","","","","","","","","","","","","","","","","","","","","","","","","","","","","","","","","","","","","","","","","","","","","","","","","","","","","","","0.32","","","","","","",
"Sub-Saharan Africa","SSF","Specialist surgical workforce (per 100,000 population)","SH.MED.SAOP.P5","","","","","","","","","","","","","","","","","","","","","","","","","","","","","","","","","","","","","","","","","","","","","","","","","","","","","","","","1.71534042565676","","","","",
"Small states","SST","Specialist surgical workforce (per 100,000 population)","SH.MED.SAOP.P5","","","","","","","","","","","","","","","","","","","","","","","","","","","","","","","","","","","","","","","","","","","","","","","","","","","","","","","","17.6804568542112","","","","",
"Sao Tome and Principe","STP","Specialist surgical workforce (per 100,000 population)","SH.MED.SAOP.P5","","","","","","","","","","","","","","","","","","","","","","","","","","","","","","","","","","","","","","","","","","","","","","","","","","","","","","","","","","","","",
"Suriname","SUR","Specialist surgical workforce (per 100,000 population)","SH.MED.SAOP.P5","","","","","","","","","","","","","","","","","","","","","","","","","","","","","","","","","","","","","","","","","","","","","","","","","","","","","","","","","","","","",
"Slovak Republic","SVK","Specialist surgical workforce (per 100,000 population)","SH.MED.SAOP.P5","","","","","","","","","","","","","","","","","","","","","","","","","","","","","","","","","","","","","","","","","","","","","","","","","","","","","","","57.17","","","","53.9","",
"Slovenia","SVN","Specialist surgical workforce (per 100,000 population)","SH.MED.SAOP.P5","","","","","","","","","","","","","","","","","","","","","","","","","","","","","","","","","","","","","","","","","","","","","","","","","","","","","","72.82","","","","","66.7","",
"Sweden","SWE","Specialist surgical workforce (per 100,000 population)","SH.MED.SAOP.P5","","","","","","","","","","","","","","","","","","","","","","","","","","","","","","","","","","","","","","","","","","","","","","","","","","","","","85.45","","","113.11","","","","",
"Eswatini","SWZ","Specialist surgical workforce (per 100,000 population)","SH.MED.SAOP.P5","","","","","","","","","","","","","","","","","","","","","","","","","","","","","","","","","","","","","","","","","","","","","","","","","","","0.17","","","","","","","","","",
"Sint Maarten (Dutch part)","SXM","Specialist surgical workforce (per 100,000 population)","SH.MED.SAOP.P5","","","","","","","","","","","","","","","","","","","","","","","","","","","","","","","","","","","","","","","","","","","","","","","","","","","","","","","","","","","","",
"Seychelles","SYC","Specialist surgical workforce (per 100,000 population)","SH.MED.SAOP.P5","","","","","","","","","","","","","","","","","","","","","","","","","","","","","","","","","","","","","","","","","","","","","","","","","","","","","","","34.78","45.21","","","48.57","",
"Syrian Arab Republic","SYR","Specialist surgical workforce (per 100,000 population)","SH.MED.SAOP.P5","","","","","","","","","","","","","","","","","","","","","","","","","","","","","","","","","","","","","","","","","","","","","","","","","","","","","","","","","","","","",
"Turks and Caicos Islands","TCA","Specialist surgical workforce (per 100,000 population)","SH.MED.SAOP.P5","","","","","","","","","","","","","","","","","","","","","","","","","","","","","","","","","","","","","","","","","","","","","","","","","","","","","","","","","","","","",
"Chad","TCD","Specialist surgical workforce (per 100,000 population)","SH.MED.SAOP.P5","","","","","","","","","","","","","","","","","","","","","","","","","","","","","","","","","","","","","","","","","","","","","","","","","","","","","","0.29","","","","","","",
"East Asia & Pacific (IDA & IBRD countries)","TEA","Specialist surgical workforce (per 100,000 population)","SH.MED.SAOP.P5","","","","","","","","","","","","","","","","","","","","","","","","","","","","","","","","","","","","","","","","","","","","","","","","","","","","","","","","34.678942620049","","","","",
"Europe & Central Asia (IDA & IBRD countries)","TEC","Specialist surgical workforce (per 100,000 population)","SH.MED.SAOP.P5","","","","","","","","","","","","","","","","","","","","","","","","","","","","","","","","","","","","","","","","","","","","","","","","","","","","","","","","64.7841731791538","","","","",
"Togo","TGO","Specialist surgical workforce (per 100,000 population)","SH.MED.SAOP.P5","","","","","","","","","","","","","","","","","","","","","","","","","","","","","","","","","","","","","","","","","","","","","","","","","","","","","","","0.51","","","","","",
"Thailand","THA","Specialist surgical workforce (per 100,000 population)","SH.MED.SAOP.P5","","","","","","","","","","","","","","","","","","","","","","","","","","","","","","","","","","","","","","","","","","","","","","","","","","","","","","","13.09","","","","","",
"Tajikistan","TJK","Specialist surgical workforce (per 100,000 population)","SH.MED.SAOP.P5","","","","","","","","","","","","","","","","","","","","","","","","","","","","","","","","","","","","","","","","","","","","","","","","","","","","","","","41.68","","","","","",
"Turkmenistan","TKM","Specialist surgical workforce (per 100,000 population)","SH.MED.SAOP.P5","","","","","","","","","","","","","","","","","","","","","","","","","","","","","","","","","","","","","","","","","","","","","","","","","","","","","","69.25","58.81","","","","","",
"Latin America & the Caribbean (IDA & IBRD countries)","TLA","Specialist surgical workforce (per 100,000 population)","SH.MED.SAOP.P5","","","","","","","","","","","","","","","","","","","","","","","","","","","","","","","","","","","","","","","","","","","","","","","","","","","","","","","","41.96777268642","","","","",
"Timor-Leste","TLS","Specialist surgical workforce (per 100,000 population)","SH.MED.SAOP.P5","","","","","","","","","","","","","","","","","","","","","","","","","","","","","","","","","","","","","","","","","","","","","","","","","","","","","","","0.6","","0.9","","","",
"Middle East & North Africa (IDA & IBRD countries)","TMN","Specialist surgical workforce (per 100,000 population)","SH.MED.SAOP.P5","","","","","","","","","","","","","","","","","","","","","","","","","","","","","","","","","","","","","","","","","","","","","","","","","","","","","","","","20.4502970715164","","","","",
"Tonga","TON","Specialist surgical workforce (per 100,000 population)","SH.MED.SAOP.P5","","","","","","","","","","","","","","","","","","","","","","","","","","","","","","","","","","","","","","","","","","","","","","","","","","","","","","","4.95","","14","","","",
"South Asia (IDA & IBRD)","TSA","Specialist surgical workforce (per 100,000 population)","SH.MED.SAOP.P5","","","","","","","","","","","","","","","","","","","","","","","","","","","","","","","","","","","","","","","","","","","","","","","","","","","","","","","","6.07994297101485","","","","",
"Sub-Saharan Africa (IDA & IBRD countries)","TSS","Specialist surgical workforce (per 100,000 population)","SH.MED.SAOP.P5","","","","","","","","","","","","","","","","","","","","","","","","","","","","","","","","","","","","","","","","","","","","","","","","","","","","","","","","1.71534042565676","","","","",
"Trinidad and Tobago","TTO","Specialist surgical workforce (per 100,000 population)","SH.MED.SAOP.P5","","","","","","","","","","","","","","","","","","","","","","","","","","","","","","","","","","","","","","","","","","","","","","","","","","","","","","","30.9","","","","","",
"Tunisia","TUN","Specialist surgical workforce (per 100,000 population)","SH.MED.SAOP.P5","","","","","","","","","","","","","","","","","","","","","","","","","","","","","","","","","","","","","","","","","","","","","","","","","","","","","","","11.54","","","","","",
"Turkey","TUR","Specialist surgical workforce (per 100,000 population)","SH.MED.SAOP.P5","","","","","","","","","","","","","","","","","","","","","","","","","","","","","","","","","","","","","","","","","","","","","","","","","","","","","","55.76","50.11","47.63","","","","",
"Tuvalu","TUV","Specialist surgical workforce (per 100,000 population)","SH.MED.SAOP.P5","","","","","","","","","","","","","","","","","","","","","","","","","","","","","","","","","","","","","","","","","","","","","","","","","","","","","","","","","18.5","","26.07","",
"Tanzania","TZA","Specialist surgical workforce (per 100,000 population)","SH.MED.SAOP.P5","","","","","","","","","","","","","","","","","","","","","","","","","","","","","","","","","","","","","","","","","","","","","","","","","","","0.35","","","","","","0.46","","","",
"Uganda","UGA","Specialist surgical workforce (per 100,000 population)","SH.MED.SAOP.P5","","","","","","","","","","","","","","","","","","","","","","","","","","","","","","","","","","","","","","","","","","","","","","","","","","","","","0.95","","","","1.05","","","",
"Ukraine","UKR","Specialist surgical workforce (per 100,000 population)","SH.MED.SAOP.P5","","","","","","","","","","","","","","","","","","","","","","","","","","","","","","","","","","","","","","","","","","","","","","","","","","","","","100.03","","86.55","","","","","",
"Upper middle income","UMC","Specialist surgical workforce (per 100,000 population)","SH.MED.SAOP.P5","","","","","","","","","","","","","","","","","","","","","","","","","","","","","","","","","","","","","","","","","","","","","","","","","","","","","","","","39.858347263762","","","","",
"Uruguay","URY","Specialist surgical workforce (per 100,000 population)","SH.MED.SAOP.P5","","","","","","","","","","","","","","","","","","","","","","","","","","","","","","","","","","","","","","","","","","","","","","","","","","","","","","","38.9","","","","","",
"United States","USA","Specialist surgical workforce (per 100,000 population)","SH.MED.SAOP.P5","","","","","","","","","","","","","","","","","","","","","","","","","","","","","","","","","","","","","","","","","","","","","","","","","","","","64.56","","","","54.71","","","","",
"Uzbekistan","UZB","Specialist surgical workforce (per 100,000 population)","SH.MED.SAOP.P5","","","","","","","","","","","","","","","","","","","","","","","","","","","","","","","","","","","","","","","","","","","","","","","","","","","","","43.58","","50.43","","","","","",
"St. Vincent and the Grenadines","VCT","Specialist surgical workforce (per 100,000 population)","SH.MED.SAOP.P5","","","","","","","","","","","","","","","","","","","","","","","","","","","","","","","","","","","","","","","","","","","","","","","","","","","","","","","12.84","","","","23.59","",
"Venezuela, RB","VEN","Specialist surgical workforce (per 100,000 population)","SH.MED.SAOP.P5","","","","","","","","","","","","","","","","","","","","","","","","","","","","","","","","","","","","","","","","","","","","","","","","","","","","","","","18.13","","","","","",
"British Virgin Islands","VGB","Specialist surgical workforce (per 100,000 population)","SH.MED.SAOP.P5","","","","","","","","","","","","","","","","","","","","","","","","","","","","","","","","","","","","","","","","","","","","","","","","","","","","","","","","","","","","",
"Virgin Islands (U.S.)","VIR","Specialist surgical workforce (per 100,000 population)","SH.MED.SAOP.P5","","","","","","","","","","","","","","","","","","","","","","","","","","","","","","","","","","","","","","","","","","","","","","","","","","","","","","","","","","","","",
"Vietnam","VNM","Specialist surgical workforce (per 100,000 population)","SH.MED.SAOP.P5","","","","","","","","","","","","","","","","","","","","","","","","","","","","","","","","","","","","","","","","","","","","","","","","","","","","","","","","","","","","",
"Vanuatu","VUT","Specialist surgical workforce (per 100,000 population)","SH.MED.SAOP.P5","","","","","","","","","","","","","","","","","","","","","","","","","","","","","","","","","","","","","","","","","","","","","","","","","","","","","","","3.41","","3.2","","","",
"World","WLD","Specialist surgical workforce (per 100,000 population)","SH.MED.SAOP.P5","","","","","","","","","","","","","","","","","","","","","","","","","","","","","","","","","","","","","","","","","","","","","","","","","","","","","","","","30.5262286384044","","","","",
"Samoa","WSM","Specialist surgical workforce (per 100,000 population)","SH.MED.SAOP.P5","","","","","","","","","","","","","","","","","","","","","","","","","","","","","","","","","","","","","","","","","","","","","","","","","","","","","","","7.28","","1.6","","","",
"Kosovo","XKX","Specialist surgical workforce (per 100,000 population)","SH.MED.SAOP.P5","","","","","","","","","","","","","","","","","","","","","","","","","","","","","","","","","","","","","","","","","","","","","","","","","","","","","","","27.67","","","","","",
"Yemen, Rep.","YEM","Specialist surgical workforce (per 100,000 population)","SH.MED.SAOP.P5","","","","","","","","","","","","","","","","","","","","","","","","","","","","","","","","","","","","","","","","","","","","","","","","","","","","","","","0.82","","","","","",
"South Africa","ZAF","Specialist surgical workforce (per 100,000 population)","SH.MED.SAOP.P5","","","","","","","","","","","","","","","","","","","","","","","","","","","","","","","","","","","","","","","","","","","","","","","","","","","","","","","11.42","","","","","",
"Zambia","ZMB","Specialist surgical workforce (per 100,000 population)","SH.MED.SAOP.P5","","","","","","","","","","","","","","","","","","","","","","","","","","","","","","","","","","","","","","","","","","","","","","","","","","","","","1.08","","","","1.48","","","",
"Zimbabwe","ZWE","Specialist surgical workforce (per 100,000 population)","SH.MED.SAOP.P5","","","","","","","","","","","","","","","","","","","","","","","","","","","","","","","","","","","","","","","","","","","","","","","","","","","","","","","1.41","","1.55","","","",
